Subject Name, Event Name, Channel Name, Start time, End Time, 
2013e_001,100 0-Back,A-DC4,232665953.1250,232695953.1250,429.5002,430.3064,421.7828,421.7828,426.3210,427.0813,431.3201,437.8625,425.2153,425.3305,430.0991,431.3892,436.0657,440.1893,435.6510,429.7996,432.3567,434.5222,438.0929,442.1704,448.2061,435.3976,437.5170,442.8846,443.3453,449.1046,453.5507,446.2710,441.2029,443.8061,444.2668,446.5935,451.3391,447.1695,440.5579,444.5663,445.4878,446.9852,451.7308,448.4135,439.5903,439.9589,442.7003,444.1286,448.1370,448.4365,437.1714,436.1808,438.6688,439.7976,444.4050,446.0176,436.3651,434.4761,437.3327,438.8301,440.5118,445.6260,435.9735,433.3703,434.6143,435.5588,438.3002,440.9265,429.8918,428.8551,428.7399,429.6384,433.0478,435.0290,427.0121,422.4508,423.9713,423.7870,425.1231,429.4080,424.7545,419.8016,418.7880,419.0183,421.1378,422.4508,418.6267,413.3743,413.9502,414.6644,415.4016,418.2121,414.6644,409.2737,408.3983,410.0570,409.2737,415.3785,408.4674,402.7082,402.2014,402.8925,404.9659,407.2004,398.4003,394.0924,393.5165,393.3092,395.7971,400.1742,392.9866,390.4756,388.9091,389.8536,390.8903,395.5437,393.1249,388.0337,385.7991,387.7803,390.4065,393.9772,394.5301,387.3426,387.5499,390.9133,391.6736,394.0003,396.0736,390.2913,387.6421,389.7615,392.2955,395.7050,399.2757,390.9364,388.7939,390.9594,393.3322,395.7741,399.4600,392.4107,390.6138,393.4243,394.4380,397.5019,401.9710,399.4139,395.0600,395.4286,398.8150,399.6904,405.0349,403.2841,398.1239,399.0223,401.7176,404.6664,408.4905,406.4632,400.8192,400.0359,401.0265,403.4224,406.1868,403.2150,395.6359,391.3971,393.7699,395.5437,400.4045,404.7585,395.6129,395.6129,397.6401,399.5291,402.5239,406.7166,398.4694,398.1700,399.9668,401.5564,403.9753,406.7166,398.0317,395.2673,397.5019,396.8108,398.6307,403.9061,401.9019,396.3270,395.1521,399.2066,400.1972,403.8370,406.3020,398.8380,397.3176,398.9532,401.7867,405.2653,408.0528,403.1459,400.2202,401.8328,404.1365,405.6339,412.0612,409.1585,404.3438,404.8276,397.7092,400.8422,405.2192,404.3208,394.1385,395.2212,397.3406,398.2160,405.1962,414.7104,406.2329,404.7355,409.4120,410.9785,416.0236,422.1514,414.5262,408.8821,410.7942,411.8308,413.6968,417.2215,412.9597,407.9376,406.8779,407.0852,412.5911,413.8811,409.8497,394.5071,395.9814,397.0872,403.7910,415.1482,415.2864,402.8004,403.1920,404.7816,405.0119,409.6193,412.5450,399.6213,399.3679,401.4412,402.4088,406.2098,408.6287,401.8559,397.9626,400.7731,403.5375,405.1732,408.9512,404.9889,399.5291,400.6810,403.1689,404.0444,407.8915,410.1491,400.3124,400.7501,404.8737,405.1732,407.5460,412.9827,403.0307,401.0496,402.2475,403.4224,406.9931,410.4947,406.6706,401.1417,401.1187,403.0307,406.4402,409.3659,413.5816,404.8967,404.0213,405.9795,408.0758,412.3607,414.9408,414.1115,405.1041,407.9146,406.9240,407.2695,410.2874,413.5125,400.4045,400.0129,402.5009,404.4590,407.5920,410.7481,406.8549,403.4915,404.2056,408.4214,411.5774,413.6047,417.8896,406.3250,406.9701,408.4214,409.7345,412.8445,415.9775,410.5408,407.3386,411.2780,410.5638,412.0612,416.0466,417.1984,407.5920,407.7763,410.3334,411.9921,412.8214,412.8214,400.9344,400.6579,404.8276,408.0528,411.9691,415.5628,411.0245,407.2465,406.2789,406.1177,410.1952,412.7523,410.2643,404.2287,403.8140,405.8182,406.9009,410.7711,412.5219,405.2192,405.7491,0.0000
2013e_001,100 0-Back,A-DC4,233251953.1250,233281953.1250,410.3104,415.6089,415.3094,406.5554,406.4172,406.7166,407.8224,409.8266,416.3000,414.1806,409.0664,404.8967,407.9606,409.9418,411.1628,415.2864,413.0518,407.1544,407.4999,407.7763,409.8727,411.9921,415.8853,406.9931,405.5878,405.4496,406.8318,407.4077,411.1167,413.0287,405.7721,405.6800,406.4863,406.6015,407.6381,412.0612,413.3282,407.3156,405.8412,408.6978,409.1816,411.1858,414.1345,408.3062,406.4632,405.4957,405.7030,408.1449,410.5408,414.7104,403.9983,402.7313,404.1365,404.3208,406.5554,408.6978,406.8549,400.0359,398.2851,400.1742,401.5564,404.2978,407.3156,406.0025,403.3072,401.8789,402.2705,404.7816,407.8915,408.9743,401.6255,400.4967,400.8422,400.6810,405.0349,405.7030,410.1031,401.8559,400.5658,402.4318,403.0768,405.5187,407.6151,409.2968,404.3669,401.6485,403.4454,404.6433,406.4172,409.9648,410.9554,402.5009,401.6255,405.2192,405.7260,410.4486,414.4570,412.4068,404.1365,402.9616,406.0255,406.8088,409.8727,413.3282,411.7387,406.9240,406.8549,408.6287,408.9973,412.9136,415.6319,416.0005,409.8266,412.4989,414.5492,416.0236,418.2121,422.8655,419.0875,415.4016,412.4759,413.3973,411.6926,412.4759,414.9869,407.5690,407.5690,410.7251,410.2643,410.5177,414.9869,418.2121,410.7020,407.3156,409.5041,408.9743,408.7900,411.6465,412.0382,404.2056,402.3857,402.6852,403.3532,405.4727,407.4538,409.4580,403.3993,401.6485,403.4454,403.1920,405.8412,408.4444,403.3532,393.5165,390.1070,391.5123,388.7248,391.2589,394.1385,395.7280,389.1395,390.1761,391.6044,395.9584,399.0914,407.3847,403.1920,399.2296,397.5019,399.4831,401.9941,402.6391,404.9659,408.3753,401.4642,397.2946,398.2390,399.0914,400.5658,404.3208,407.0161,404.1826,391.0976,390.3604,390.5447,390.9133,393.7238,395.2443,393.7238,385.1080,385.5688,388.7939,389.8306,396.6725,409.1816,409.5963,403.9061,402.4088,405.1962,404.3208,406.0946,409.4580,412.3837,402.0171,400.3124,400.8422,400.2202,402.4548,407.3617,409.3198,400.7731,397.7092,397.5019,395.5668,395.9354,396.9720,402.4088,397.6171,397.5940,397.2715,399.5522,400.5197,403.8370,407.7303,400.2202,396.1427,394.6223,394.9448,397.9165,400.4967,403.3302,398.9532,395.5668,393.9542,394.6223,396.2809,399.0684,403.5145,400.9113,395.1982,395.0139,396.1197,396.6725,396.9720,398.2160,394.5762,389.9919,396.9029,398.9993,398.6537,404.2517,406.9240,400.8653,396.9260,397.5249,396.4191,397.9857,401.7176,402.8234,396.7186,392.3416,391.6275,391.5123,395.1060,396.9951,401.0496,394.3689,391.2128,390.2683,391.9269,393.9312,396.0275,398.1008,391.6505,387.2274,385.5457,386.0295,389.7154,392.8254,397.4328,391.4893,389.8536,389.0473,392.1112,394.4840,397.8705,402.5930,396.0275,394.8296,393.4013,395.0369,396.3500,399.3218,401.6485,399.6904,393.3552,392.5490,393.1709,393.6778,395.5668,398.4694,399.2988,390.0149,389.2777,391.4662,392.2955,394.4840,396.1427,400.6810,391.0515,390.4295,390.2222,391.1437,393.9772,397.5249,399.1375,391.2589,391.6505,394.3228,394.9218,397.7553,401.7407,403.5145,397.4558,394.5532,394.5992,396.4883,397.4789,400.6810,403.8831,397.3636,390.8672,385.1080,385.7300,389.6924,390.4295,392.4107,385.2462,385.4305,386.7667,387.9876,390.6830,395.4746,403.6527,395.4516,395.0600,393.6778,394.0003,393.5165,395.3825,401.6255,395.7741,394.2537,0.0000
2013e_001,100 0-Back,A-DC4,234048359.3750,234078359.3750,382.3666,379.2797,379.0954,378.6807,382.0671,385.7070,388.5636,388.9552,381.2609,380.5006,381.0535,380.7080,383.0347,386.0986,390.3604,393.5165,386.2138,384.2326,385.1541,385.2002,386.7206,389.3698,393.3783,395.3364,388.1950,386.8127,386.7206,387.9876,390.0379,393.5165,397.7092,400.8192,391.3050,388.5636,391.1898,393.2861,395.1060,397.5479,401.8098,407.9376,399.2066,396.9029,395.8893,396.5113,397.0181,401.0265,404.1826,403.0768,395.0830,394.1385,394.1615,395.2903,395.8432,398.5616,400.8422,396.8338,392.5490,393.9542,393.9081,393.2170,396.1197,400.2202,403.0307,393.5856,392.0421,390.9594,391.2128,392.4107,396.4191,400.0590,394.5301,390.0609,389.9458,389.9919,391.9961,394.4610,396.0736,396.6956,389.0473,386.3751,387.0662,389.3468,389.8306,393.0558,397.4558,394.3228,387.8955,387.0892,389.3698,389.3238,393.7008,395.9814,398.1930,390.7981,389.3008,388.7709,389.3929,391.4201,393.0327,397.3406,393.7008,388.2641,387.9416,389.1625,390.5678,391.6275,395.9123,398.1469,389.7384,387.3426,388.3793,389.7845,391.2819,395.4746,398.5385,399.5982,391.9269,390.1070,391.6966,393.0327,394.3458,395.1982,398.1469,394.7835,388.4944,389.4850,391.7426,392.0421,396.2348,398.8841,403.6067,393.3092,390.3835,390.6369,391.8809,393.0327,396.0736,399.1375,401.5333,390.9824,391.7887,390.7290,390.6369,392.9175,396.7877,400.0820,401.4412,394.0464,390.5678,393.4704,393.5395,396.6495,400.7961,405.2653,403.3532,396.5113,397.0642,398.9532,397.7322,402.6391,403.2841,405.2884,395.4286,392.8715,394.0233,393.4243,393.6086,396.8799,400.3585,403.1459,393.6086,390.7290,392.0652,391.0285,393.1018,394.1385,398.1008,398.8611,388.4484,387.3195,387.7803,387.9185,389.0934,392.1112,394.3228,386.9740,383.3802,382.9656,383.4724,384.9467,387.4578,388.9552,387.3426,380.3855,379.4409,380.4546,381.0074,383.0808,385.0850,388.2641,381.4452,377.7592,376.4692,379.4179,378.7729,381.6755,383.0347,385.5457,378.6807,377.4828,379.0954,377.6441,381.3300,383.7258,384.9007,383.9331,377.3676,378.2430,381.6755,381.1457,384.0483,385.9834,389.2316,383.3111,380.3855,380.2012,380.4085,381.5834,383.4494,386.1908,388.8861,380.0629,381.2609,380.2012,381.3069,384.4860,386.4211,390.4756,391.5123,384.4169,384.3248,385.4536,387.8494,389.3468,393.2401,397.9857,395.1291,389.9227,389.1395,390.4065,390.8903,394.0694,395.3825,399.7595,392.1343,389.0473,389.9458,389.4850,389.7154,392.8945,396.3500,398.9762,392.4107,388.7939,389.0013,389.4620,390.3144,393.2631,394.2076,398.6537,392.5950,387.6421,388.0337,388.0337,387.3656,390.0840,394.6914,397.9626,393.9081,390.7060,389.7615,391.2589,393.3783,394.8987,398.4694,402.5930,393.7469,391.5814,390.6599,389.9919,392.6641,394.2767,397.0872,400.0820,394.1154,389.3929,388.9552,387.9416,389.4850,394.1154,396.4883,399.3448,397.1563,391.2589,391.2819,390.3374,391.6736,392.7332,396.6265,398.9302,399.4831,388.7018,391.4201,391.7657,393.4935,394.9448,400.0359,401.5103,397.6401,392.6872,391.6736,394.0233,393.0788,394.8526,397.6171,400.9344,400.0820,391.6505,391.0055,390.2222,391.2589,393.3783,397.2024,398.4003,398.3773,391.9961,389.2547,391.3510,389.1625,392.1573,395.4746,397.4328,393.1940,388.4714,386.6976,388.1259,387.0201,389.2086,392.4107,395.8432,391.3050,384.9928,383.9101,384.5782
2013e_001,102 2-Back,A-DC4,232876359.3750,232906359.3750,449.4731,454.6334,444.5202,442.9307,443.3684,445.2113,447.3307,451.1318,447.2616,441.7097,443.2532,445.3495,447.8145,451.7077,451.7308,444.1747,444.4972,447.2846,448.1370,452.3988,454.0114,444.9349,445.4878,447.6071,448.6438,451.3852,456.0617,443.8982,446.4323,447.8836,448.8742,451.3852,454.5873,445.8564,446.5935,448.5977,449.5883,452.3067,452.5140,444.8197,444.2438,445.4186,445.6260,449.5883,447.0543,440.3736,439.1757,440.3505,441.6406,443.5987,439.4521,435.0751,433.8080,434.9369,435.2133,437.3327,434.1536,427.2425,428.0027,428.2792,429.6614,433.0478,427.3116,423.1420,423.9943,423.6027,425.4456,426.8970,423.8561,420.4466,422.1053,421.4603,423.3723,426.0677,420.0781,416.2539,416.3000,417.1754,419.2948,421.6676,417.5440,412.8214,414.0193,413.9963,417.6131,419.1566,415.2864,412.3376,411.6005,413.8581,416.7147,418.4194,414.7335,412.5680,410.7251,414.4110,414.6413,417.9356,414.0654,411.1858,411.7848,413.6277,415.9544,418.5576,415.7701,412.3607,411.6926,413.6968,415.7010,417.8435,415.1251,410.6559,410.7251,411.4853,413.6277,416.0927,413.3513,408.7669,408.1680,410.6790,412.4528,415.3785,415.0330,409.6884,407.7303,409.5502,411.3931,416.7147,415.3555,407.8455,408.1910,408.8591,410.4716,414.1345,415.0099,408.9512,407.2926,409.7575,411.3931,414.2036,417.4288,409.4811,406.7166,408.8130,410.4026,414.2497,416.2769,410.0800,407.0161,408.4444,411.0706,412.4298,418.4194,414.0654,410.5638,411.1397,411.8308,414.4801,418.2581,416.2079,410.1491,411.1858,412.7754,412.7293,417.6822,417.9817,410.9785,410.4947,413.9272,413.9041,417.3367,421.1378,413.2591,412.4528,412.2916,413.8811,415.8853,419.5482,416.6686,412.5219,410.4716,412.2685,415.4937,419.1796,421.9210,412.1994,411.2549,413.4434,412.7984,415.3325,420.5157,412.1303,408.1680,408.6287,408.3983,410.9094,414.0193,414.8487,406.7397,404.2287,405.8182,408.5135,409.7805,415.3094,408.5826,405.1501,407.9376,409.1125,412.0842,413.3973,413.4665,406.2098,406.9009,407.9146,409.7345,413.0287,414.1806,403.8831,402.6852,403.0538,403.9292,406.7858,410.3795,402.1093,397.4789,399.1375,400.1511,403.5145,406.4172,405.7721,398.3773,396.3270,398.2160,400.9113,403.4224,407.4308,400.4506,393.7238,392.8945,394.3689,397.4789,403.8601,400.9113,397.5249,397.0411,396.9720,398.6307,402.9846,404.8276,395.5207,390.4295,390.7060,391.8118,393.1940,396.4422,391.7196,386.2599,385.3845,385.3845,388.2641,390.8672,394.0003,385.1310,382.7583,382.4357,384.1405,385.3153,389.5081,389.0704,381.8598,380.6849,381.5603,383.1038,385.3384,388.3332,383.3111,377.5980,375.6168,377.4367,379.9708,383.2190,384.6012,373.8890,372.2534,373.4283,374.4650,378.2200,383.1729,377.8744,371.1937,368.1759,369.8806,372.2304,374.0273,377.7132,369.3047,363.1308,364.6512,365.2502,366.4942,371.3089,374.7875,365.8261,354.3307,344.8395,345.6688,349.2856,355.2292,352.0270,348.0416,349.4469,352.8333,355.7360,360.8271,365.2041,355.0449,351.1286,354.0773,355.7820,358.4082,363.3612,367.3696,358.2470,356.4501,360.7350,362.7162,369.3738,375.7090,375.4095,366.9549,363.7528,366.9780,366.6094,369.5811,374.6723,365.7109,362.1863,361.7025,363.2460,365.9183,369.1665,374.4189,364.1675,361.2648,360.7580,361.7947,364.6282,368.9591,374.4880,364.1905,359.0302,360.0899,359.9978,362.9695
2013e_001,102 2-Back,A-DC4,233357156.2500,233387156.2500,395.2673,396.8568,399.5522,401.9941,403.9522,408.0758,399.1145,399.5061,399.6443,400.7040,402.8234,406.9240,410.0340,405.4957,399.7595,398.0317,400.1742,401.5794,403.1920,408.0298,405.5648,397.7322,396.0045,397.4097,396.4883,399.8747,403.7910,407.0852,395.3825,393.4013,394.9448,396.6495,399.0684,401.9710,404.9659,398.3082,394.5992,394.0694,395.0600,396.5574,399.7365,404.4821,396.6725,394.0694,395.2443,395.0139,396.9029,398.9762,403.7218,394.9218,394.0003,393.3322,394.3919,396.5804,399.7595,399.8977,392.1573,390.6138,391.0746,392.7332,393.9081,396.6265,394.4380,388.4944,387.0892,387.8955,388.1489,389.8997,392.4798,386.0525,382.5509,381.6985,382.8043,383.8410,386.6515,389.8997,384.6934,381.8138,379.9478,383.1960,384.1405,387.2735,389.0704,385.4075,382.1363,381.3069,381.9980,384.2096,387.2965,389.9688,390.8442,384.7394,384.3017,385.4766,386.2368,389.2547,391.1437,394.2997,387.2965,387.5038,388.1259,389.7615,393.1249,396.4652,396.9029,390.8212,390.6599,391.7887,393.1249,395.7511,401.1417,401.3951,393.0097,391.2589,393.0097,395.7971,396.7186,400.8653,397.6862,393.8390,390.7751,392.0191,392.7102,396.0736,399.5982,392.5259,389.8766,389.8076,389.9688,391.2128,395.9814,393.4474,389.5311,387.6881,389.1165,389.3929,391.4662,395.4746,391.6275,387.7803,388.1259,388.8861,388.4944,394.0233,396.8338,390.6138,387.3195,390.0149,389.4159,389.6924,393.5626,392.3416,388.9782,388.8861,389.3929,388.9322,389.6463,393.1249,384.8546,383.5645,383.7028,383.9562,387.9416,390.9364,384.6012,384.0714,381.5603,382.6200,384.3939,387.0201,389.0243,382.1132,380.4315,382.1823,383.1038,385.9373,387.6651,383.5876,380.8001,380.3163,382.5049,383.8640,385.8913,386.0525,380.5928,378.8650,379.5792,381.4912,383.5645,387.9185,383.2190,378.3582,376.9299,378.8189,379.9017,382.5740,385.9143,380.4085,377.5058,377.0681,381.0535,382.7583,388.2410,386.8358,380.6158,378.8881,381.5373,383.1268,382.6661,387.8033,386.9049,383.4263,382.9656,385.0850,387.1353,389.1395,392.3877,387.9416,385.5918,387.8264,388.5175,391.2589,395.1751,395.4516,389.8306,390.1761,392.5029,394.7605,399.8977,403.3993,400.5428,396.4422,396.3731,398.7459,401.8098,405.1271,408.5366,399.2988,398.9993,399.9207,400.3585,403.0307,405.6800,404.3208,398.9071,399.7134,402.3627,402.3857,406.4863,409.2737,400.2663,397.8014,399.2527,399.9207,402.3166,408.5135,403.9061,399.2757,397.8244,397.1333,398.6998,402.2245,406.5784,398.4003,394.9678,395.6359,396.0505,396.5113,400.9804,404.9198,394.6683,393.4935,394.9908,394.5301,396.4422,399.3679,400.2202,391.8348,391.5583,390.7981,392.5490,394.9448,397.6401,390.9133,386.9049,387.2965,388.7479,389.9458,392.3877,394.8065,384.3248,383.1038,382.5740,382.4127,383.4263,386.6284,386.0756,377.5289,373.5896,373.6357,373.2671,374.6723,377.1833,369.8576,366.4481,363.1999,363.9371,366.4481,368.5675,369.2126,360.9423,357.7632,360.8271,359.8826,363.0387,366.9780,371.1246,360.1591,358.7077,358.6386,359.2836,362.7622,365.2502,369.6733,361.1266,357.6250,358.3852,359.5831,362.7622,364.7664,367.3235,362.7162,359.9517,360.9884,360.4816,362.6240,366.1256,370.0649,361.7025,358.7768,359.0533,360.0208,362.7162,365.7109,370.1110,361.5643,361.7716,362.5779,364.6743,368.3602,371.6314,375.7550,369.7654,366.5633
2013e_001,100 0-Back,A-DC8,232665953.1250,232695953.1250,621.8139,615.0942,615.2187,616.5875,618.7859,620.0718,621.3162,619.6984,614.2646,615.3431,617.0853,618.2467,621.2747,623.5145,617.5415,615.8824,618.3711,619.4081,620.5695,624.3441,620.2792,619.7399,620.8184,622.3946,624.6760,626.4595,626.3766,620.5695,620.0303,620.9843,619.9058,620.9843,622.8509,617.5001,614.9283,618.6200,619.0762,619.3666,622.3946,614.1403,611.7759,613.6010,613.3936,616.7120,616.2972,612.1492,607.8769,608.9139,608.3332,611.7759,612.8129,610.6560,605.5541,608.6650,609.2872,608.5820,612.2322,610.0753,607.8769,606.6325,609.2457,610.1168,611.3196,606.7570,602.8164,602.8994,604.3097,603.7290,605.6785,605.2222,599.0004,600.5765,600.1617,600.9913,601.6550,603.0653,595.6406,595.8480,594.8939,596.4286,597.3412,599.2907,593.6910,592.4052,593.8569,596.0968,597.1753,598.6270,594.9769,593.0688,594.2302,593.9814,597.0093,600.3691,595.4332,591.5341,591.8660,591.6586,592.1978,592.7785,587.4692,584.3997,586.8055,586.8884,590.1653,591.6171,584.6486,586.3907,585.8100,585.6855,588.1743,591.4926,586.1003,586.1833,585.6026,586.6810,589.6260,592.7785,589.5016,588.7965,589.2527,590.7460,594.8110,595.6406,593.5251,590.6630,592.8199,593.5666,598.2952,597.1753,594.9354,593.2347,593.9814,593.6495,596.1797,598.2952,599.4566,596.8019,597.8389,598.3782,599.1248,602.5261,604.2267,600.1203,598.8344,599.4566,600.7839,604.4756,607.6280,602.8164,603.5216,605.8859,606.0518,610.2827,615.4676,606.8814,607.5036,607.1718,607.6280,608.7479,610.7805,601.2817,600.6180,598.9174,601.2402,600.5351,605.5126,603.2727,602.5676,602.8579,606.0103,605.3052,608.9139,607.3792,605.2637,605.0148,605.3881,607.3376,608.0843,606.5081,601.0743,601.1158,601.9454,603.8120,604.8074,607.4206,601.2402,601.1158,601.8624,605.6370,606.6325,609.5775,604.8074,603.8120,603.4386,604.3926,607.3376,610.1168,612.1078,608.0428,606.2177,609.1213,612.4811,613.9743,614.8454,610.2827,608.9968,607.1718,601.2402,608.5820,613.5181,610.9879,609.2872,609.4531,608.4161,610.7805,615.0113,617.3756,614.4306,613.9329,617.8734,620.4866,625.5056,626.5840,621.6065,619.2007,619.1177,619.5325,617.8734,621.4821,613.5595,613.1862,614.8868,612.8129,614.9698,614.1403,601.4061,599.4981,601.2402,604.0193,616.2557,622.1457,615.8409,607.8354,609.2042,608.0428,609.4946,613.1447,608.0843,604.4341,606.0933,608.1672,609.2042,611.4026,609.8679,607.0888,608.0013,609.1627,608.1258,613.5181,614.8454,608.9139,609.9509,610.4486,611.9004,612.1492,616.0483,612.1492,610.2412,612.3566,614.3062,616.4631,618.8274,619.7399,614.7209,613.2277,614.4720,614.8454,617.3341,621.0673,613.5595,612.8544,615.7579,617.3756,620.5695,622.1872,622.5605,617.3341,618.1223,619.1592,622.8094,625.2982,627.9943,621.7309,620.2377,621.3576,617.5830,618.9518,621.4821,616.8779,612.9373,613.1033,616.7120,616.5460,619.8644,620.3206,616.5046,617.9149,620.9843,621.7309,624.5515,627.1232,621.7724,622.4361,622.8094,621.3991,622.7679,624.1782,625.4641,619.5740,619.6155,620.1962,618.7444,619.6984,624.5100,617.7489,615.9653,619.0762,620.8599,619.1177,620.4866,613.9329,608.8724,609.2872,611.7759,616.7120,619.8229,623.0582,616.8364,615.9653,615.3431,614.4720,616.6705,617.4586,612.3981,610.6145,609.4946,611.0708,613.6010,615.1772,613.6840,610.6974,611.6100,0.0000
2013e_001,100 0-Back,A-DC8,233251953.1250,233281953.1250,586.7225,587.5106,583.6945,581.8694,580.7495,583.0724,585.9344,587.1373,589.9994,586.6396,584.0679,584.4827,586.7640,588.1328,591.9904,591.4097,587.9669,585.4366,584.8560,588.2158,587.8425,589.4186,592.0734,584.6071,584.1093,585.9344,585.6026,588.9624,588.5476,587.8839,585.7271,586.3077,587.5106,589.0453,589.3772,591.7415,587.5936,587.8425,588.1743,588.7135,591.7000,592.4467,592.4467,588.1328,588.0499,588.2158,588.3402,590.9534,593.1518,589.2527,587.7180,585.9344,586.8055,589.1283,587.3447,591.8245,586.1003,583.1968,583.3212,581.9939,585.9344,588.9209,590.5801,591.3682,589.3357,590.3727,590.3727,590.2068,591.6586,590.8704,587.2203,586.5566,587.0544,587.8425,588.7965,593.0273,589.6260,587.9669,587.3862,589.2113,588.2987,587.4277,591.7000,587.8839,585.8100,588.7550,590.2482,589.4186,589.7505,591.4926,586.8884,586.2248,586.4322,588.5891,592.2393,593.0273,594.8939,588.3817,586.1003,587.2618,587.8010,590.7875,591.5756,592.1563,587.8010,586.0588,589.8334,588.8795,588.8380,591.1193,593.8984,590.1653,588.4647,591.5756,593.8984,593.6495,596.1797,597.5901,592.6541,590.7460,589.9164,587.8425,586.2248,584.6486,584.8145,583.2383,585.8514,588.3402,587.4277,586.8470,591.9904,590.0823,586.5566,588.3817,585.8100,587.3032,586.5981,589.2113,584.5656,583.3627,581.5377,581.0399,582.1183,585.2708,585.9759,586.1418,585.4366,584.1508,584.8975,585.6855,587.5936,587.0544,575.3572,570.4627,572.2048,571.6241,570.5042,573.5322,578.7585,576.2698,575.2328,575.2328,578.7170,583.4042,588.1743,591.8660,587.6351,585.9759,586.9714,587.6766,589.7505,591.0778,590.1238,590.9534,585.9759,584.0679,585.8100,585.3537,590.4556,591.8660,591.0778,583.8190,578.5926,577.5142,578.0948,581.1643,583.8605,584.2753,581.6206,581.4962,581.9525,582.0354,583.2383,593.1518,602.6920,595.8065,593.8154,596.0139,595.9309,594.9769,596.7605,597.0508,596.1797,591.5341,588.9624,589.6675,589.3772,593.1103,593.4007,590.8290,585.6855,584.6901,583.4042,581.3303,578.8000,583.4871,585.4781,583.9434,587.8425,587.5936,587.7595,589.4186,590.2068,589.8334,583.5701,583.7775,582.9479,584.0679,583.8190,586.5981,589.0453,581.5377,581.3717,581.9939,581.2888,583.2798,585.3952,585.8514,581.7451,582.3257,582.7405,583.1968,579.7540,578.4682,582.6576,575.8550,582.9479,587.3447,589.8334,588.8380,592.1148,590.6216,586.0174,584.5656,585.7685,584.5241,586.1003,589.8749,587.4277,582.9479,581.2058,583.9019,585.1463,586.1003,587.5106,588.5476,584.2338,582.5331,583.7360,585.5611,586.3077,588.0499,587.8425,580.3762,578.1364,578.7170,578.8830,583.9434,587.4692,588.3402,583.6116,584.2338,585.1049,586.6810,590.8290,590.9534,592.6541,589.1283,588.0084,589.2113,590.1653,590.2482,592.3222,594.2717,589.5016,587.4277,587.7180,588.5891,586.5981,588.2158,589.9994,585.8929,585.9344,583.9019,586.5566,588.1328,591.4097,591.5756,589.3772,585.6855,585.3537,586.5151,587.4277,588.8795,590.9949,588.7135,588.1328,590.2068,588.1328,589.6260,591.9074,593.8154,591.5341,588.3402,587.7180,590.1653,590.1238,590.4556,594.0643,591.9904,583.8605,577.3483,574.3203,576.2698,581.0399,577.6386,577.8460,574.4032,576.8505,577.7216,579.6711,583.0724,588.2158,589.0039,583.7775,584.7730,584.4827,579.6711,582.3672,585.6855,585.0219,583.2798,583.9019,0.0000
2013e_001,100 0-Back,A-DC8,234048359.3750,234078359.3750,549.8475,550.5942,548.5617,550.6771,552.0045,553.9540,558.4752,556.3183,552.3363,552.9585,554.2858,553.9955,555.7791,558.8900,559.3463,562.3328,558.4338,555.4473,555.6961,556.4012,557.5627,560.9225,562.6646,561.5447,558.2264,557.7286,559.2219,559.7611,558.6826,562.7061,565.5267,563.8675,560.0515,560.5906,564.9045,565.7756,566.8540,570.0894,573.0344,571.2094,566.8540,566.4392,565.2778,566.5222,567.8910,569.7576,571.4582,566.3563,564.6556,564.1579,562.0839,563.5771,565.4437,566.4807,568.5547,562.2084,563.3698,562.4572,563.5771,565.7341,566.3978,566.7296,564.1579,562.9135,562.0839,559.5952,560.4662,562.7476,565.9415,565.1948,561.2958,561.2543,561.9595,561.9595,562.9965,565.1534,567.8910,563.5771,561.3373,559.8441,561.7106,562.1254,564.2823,567.2688,568.9694,563.0794,562.7476,562.6646,563.7016,565.1948,565.7341,569.8820,568.2228,565.6096,564.6971,564.9874,565.6096,566.6052,568.5547,570.7115,564.5726,564.1579,562.6232,565.1534,566.0659,567.4762,569.2183,566.7296,564.9460,565.6096,566.0659,566.5222,567.6421,570.7531,571.6656,569.1354,567.8080,568.3473,568.9280,569.7576,568.5547,568.7206,571.9559,566.8126,564.9045,566.8540,569.3428,569.8405,572.2463,574.9424,571.1678,566.7711,566.3978,567.3932,567.1443,568.8450,572.6611,573.2418,571.4167,566.0659,565.1534,568.5132,568.1813,569.3842,572.3293,574.7350,571.4997,568.4717,568.7621,569.7576,570.0064,573.4907,575.4402,577.7216,575.6476,573.6151,573.3248,574.9009,575.8550,575.7305,573.0759,571.5411,567.5177,567.1859,569.2598,568.0154,570.6286,570.9189,573.9884,573.2833,567.2688,566.6052,566.8126,567.5177,568.7621,570.8360,570.9604,567.1443,565.4852,565.0704,565.9000,564.0334,567.4347,567.8080,568.7206,564.0749,562.4572,562.0010,562.9550,562.9135,565.8170,567.0200,562.4572,560.7566,561.3788,562.5402,563.5771,563.2868,566.2733,567.1443,560.4662,560.5492,560.6321,560.2589,561.1714,564.2408,565.4852,562.9135,560.2173,561.4617,562.3328,562.1669,563.4527,566.0659,567.4347,563.2039,561.8350,564.8215,566.7711,566.1904,568.1399,569.4672,567.3932,565.0704,565.5682,564.4482,564.3238,564.8630,564.7800,567.6006,565.7756,560.5492,561.8350,564.3238,563.9090,566.7296,565.9000,570.2138,568.5961,566.6881,567.2688,567.2274,569.2183,569.0524,571.6241,575.1913,571.9559,571.7071,568.8035,570.7946,571.4582,573.1589,575.0669,573.4492,569.7161,569.0939,566.9370,568.6791,569.2598,569.7576,571.1263,573.2833,567.4762,566.8955,564.6971,566.8126,568.2228,569.3842,570.2968,572.1633,566.9785,564.9045,565.8170,563.0794,563.2453,565.7756,569.8820,571.7485,567.7665,568.6376,568.6791,569.2598,570.0479,570.9604,574.9424,568.2643,566.1074,565.1119,567.0614,566.6052,566.8955,564.9874,569.4257,571.0849,565.2363,564.1164,564.8215,564.7800,566.3148,566.8955,568.5961,570.1724,565.0704,564.0749,566.6466,565.5682,566.1904,568.4717,569.9650,571.2508,567.6006,566.4392,568.0154,567.1443,568.6791,570.2138,571.6241,573.0759,567.8495,567.1859,565.9000,567.0614,566.4392,568.6791,568.8450,571.4997,565.7756,564.9045,565.5682,563.8675,564.3238,567.0614,568.0154,570.8360,567.7665,565.7341,565.2778,565.4437,566.0659,567.7665,569.0109,570.9189,565.4022,564.6971,564.6556,561.2543,564.0749,566.3563,568.2228,567.8495,562.3328,562.1669,560.5906,561.9595
2013e_001,102 2-Back,A-DC8,232876359.3750,232906359.3750,612.5640,613.3521,609.7849,609.1627,609.7849,610.0753,612.8544,611.1953,607.4621,606.2592,607.4206,608.1258,609.9094,612.2737,606.7570,606.0103,608.4576,608.4161,608.3746,610.9464,607.6280,604.6000,606.9229,606.6325,608.7065,609.7020,607.4621,604.4756,605.3881,605.1807,607.0058,609.4531,605.3467,605.3052,602.9409,605.9274,604.5171,607.1718,602.2772,601.9039,601.3232,601.3232,602.1528,602.5261,598.5026,597.1753,599.6640,597.1753,598.8759,600.4521,596.7605,593.0688,596.0968,595.1843,596.7605,597.0923,592.9029,592.9029,592.8615,591.8660,594.1058,595.2672,591.4097,590.7460,590.7875,590.2897,591.9074,593.6081,590.9534,589.1283,592.1978,591.9074,593.7740,594.8939,589.1698,590.2068,592.3222,591.7000,593.5251,595.2258,590.9534,588.9624,589.4601,592.0319,595.2258,595.0598,592.6541,593.0688,592.1978,593.5251,596.0139,597.3827,593.2347,592.9029,595.3502,595.3917,596.6360,598.7930,594.4376,595.5161,595.5991,597.7560,597.7145,600.1617,595.3917,595.8065,596.3871,597.6315,598.2537,600.4521,596.4702,593.7325,597.1753,596.5945,599.2492,601.2817,595.7650,594.6865,594.6450,595.0184,598.9174,599.6640,596.0968,595.3917,596.4702,599.2492,600.9913,603.2727,599.5396,595.6406,599.0004,598.5441,599.4981,600.4936,598.5856,596.7605,596.7605,597.5486,600.0788,601.7795,601.7380,599.5811,599.1663,597.5071,599.9543,599.3322,601.6965,597.9219,597.1338,599.7469,599.2078,603.3142,605.3052,601.7795,600.8669,601.0743,603.1483,603.7704,608.1258,603.2312,600.9499,603.1898,603.8534,606.9229,607.1718,605.0563,604.8074,604.6830,606.5081,608.0013,611.7759,612.2322,606.0518,606.2177,608.7065,607.6280,610.9048,611.6100,608.2087,607.7524,607.4206,610.3242,610.3657,614.6794,612.3152,608.1672,609.7435,609.8679,609.7849,611.5270,611.8174,608.0428,607.3792,607.3376,607.4621,611.0293,612.8959,608.9968,607.4621,607.4206,607.1302,609.6190,610.2827,612.3152,608.4161,607.9184,608.4161,609.8679,611.4026,612.6055,608.0428,608.4576,608.8309,609.2457,610.4901,612.5640,610.4486,605.0563,605.6370,605.5541,607.2962,609.5361,609.9509,603.3557,602.8994,603.5216,603.9778,606.8399,607.9598,605.6370,603.0653,605.3052,603.5630,607.0058,609.0383,608.7065,603.7290,599.6226,599.2078,601.6135,605.4711,612.6885,608.7479,609.1213,609.7849,610.1997,610.1997,613.4766,609.0798,604.6830,605.0978,602.6090,606.3007,607.2547,607.1302,601.9454,600.9913,600.4936,602.8579,603.8949,608.0013,603.9364,598.6270,601.4476,599.0833,601.4891,602.1113,604.3926,598.3367,595.9309,597.0508,600.1203,601.4891,601.8624,604.6830,597.4241,597.0093,597.4656,596.5116,598.9589,599.6226,597.0923,593.9814,594.1473,595.7235,597.7975,600.4936,602.2357,595.5161,594.7695,594.6036,594.8110,595.5576,599.1663,597.9634,592.0319,588.6721,590.1238,590.5386,594.6865,597.2582,594.3962,585.5611,568.9694,572.2878,582.1183,584.4412,586.0174,579.3392,581.1229,582.2842,586.3077,589.1283,592.4881,592.0319,586.2248,585.1463,587.1788,589.4186,592.0734,596.8019,592.8199,588.6306,590.3727,596.5531,598.8759,606.9229,613.9743,604.7245,601.6550,600.1203,599.8714,602.1528,604.0193,603.1898,593.0688,593.2762,594.5621,594.4791,597.5071,599.6640,597.2997,591.8660,591.2023,590.7045,592.9444,596.3042,600.4521,596.8434,591.6171,590.4971,591.8660,591.9904,594.2717
2013e_001,102 2-Back,A-DC8,233357156.2500,233387156.2500,569.2183,570.7531,571.5411,573.8225,577.3068,574.9009,571.5411,573.9470,573.2003,576.9335,579.2977,580.7495,581.3717,575.5646,575.0669,572.8685,576.2698,576.3527,579.0074,580.1688,573.4907,572.3707,571.9974,574.0299,572.8685,575.4817,578.6341,575.5646,571.0020,571.8730,573.6151,573.6151,576.8920,578.8415,577.5971,574.1544,570.2138,571.7900,573.2418,574.0299,576.1039,577.5142,574.3618,572.6196,573.5322,574.6935,576.1868,579.0489,578.4682,575.3157,573.0344,574.1544,575.7720,577.0579,579.5466,576.6431,572.4537,576.2283,574.7766,576.3527,577.4727,578.3438,573.9470,573.6981,573.1174,573.2003,573.9055,576.4772,576.9335,572.5781,571.7071,571.2923,571.7071,574.7350,575.8965,576.7675,572.7026,571.2923,573.0759,574.0299,575.6061,576.8920,578.5096,574.9009,573.9055,574.2373,577.2653,577.0164,579.3807,580.9569,579.9199,576.3113,578.0119,577.7216,578.5511,581.5377,584.3997,582.8235,580.3347,581.4132,581.9939,583.4042,585.3123,586.9714,584.0264,584.3997,583.4871,584.7315,584.6901,588.1328,590.5801,585.8514,583.4457,583.2798,582.7405,586.1418,585.4781,587.8839,582.0354,581.0399,578.2193,579.8785,581.2888,585.0219,582.6161,578.5511,576.0624,577.1409,576.3527,580.9155,582.9064,578.0534,576.4772,575.8965,576.0209,578.7585,578.6341,580.0029,576.4357,575.5646,576.3113,576.8505,577.1409,580.3762,578.7585,576.2283,575.6476,576.2283,573.6566,576.2283,578.3852,575.9379,575.9794,575.0254,575.6891,577.6386,578.9659,577.3068,573.1589,572.9100,575.0669,574.5692,579.6296,580.0444,574.8595,575.4817,575.7720,574.9424,578.1364,581.2473,577.4312,575.6891,577.0164,576.0624,579.0489,581.3303,581.0399,578.0119,577.2653,576.4357,577.6386,578.3438,582.1598,578.3022,577.2653,578.3022,579.4222,579.3807,581.4132,581.6206,577.6801,577.2238,577.9290,578.0534,581.5377,584.6901,579.9614,578.9659,580.0859,582.2428,582.2842,583.8605,586.7640,585.1463,582.0354,580.9569,583.4042,581.9939,584.0679,587.4692,583.4457,581.7865,586.2662,586.5151,587.6766,590.7045,589.9164,589.5846,585.8929,586.7640,589.0869,591.0778,593.3177,588.9624,589.2527,593.1518,592.4052,595.9309,599.5811,600.2032,595.5576,595.7650,597.7560,597.5486,599.0418,601.2817,598.0049,594.9354,595.1013,596.0139,597.2167,596.6775,599.5811,593.8569,592.0319,592.5711,594.5206,596.8849,598.8759,595.3917,590.3312,588.9209,590.5386,591.9074,594.5206,597.3827,591.0778,588.5476,588.9624,592.5296,593.0688,594.4791,595.4746,590.0823,586.5566,588.2987,587.8425,592.1563,593.0688,590.6216,585.2292,585.1463,586.3077,587.9254,589.2113,590.1653,587.5521,585.0219,585.2708,583.7360,585.6855,588.4232,587.8839,581.8280,582.2013,582.2013,584.5656,585.3952,588.7965,583.4871,580.4177,580.7081,580.6251,579.4637,583.4042,583.5286,577.8045,576.3113,575.8135,572.9929,574.7350,576.1039,575.0669,571.2923,568.8450,567.7251,568.4302,569.8405,573.2003,571.0849,566.1074,566.8540,567.8495,569.4672,571.2508,573.9055,573.7810,569.1768,567.2274,568.3887,571.0434,572.0389,573.4077,575.3987,571.8730,570.7115,572.6196,571.9974,574.2788,575.4402,578.0119,573.3662,571.6241,572.8685,573.8640,573.6981,580.1273,577.3068,573.6151,573.9055,574.4862,574.7766,575.8550,577.0579,574.9009,573.5736,574.0714,577.2238,578.4682,582.6161,584.6071,583.9849,579.8785,578.1364
2013e_001,100 0-Back,B-DC4,232665953.1250,232695953.1250,2587.5281,2577.5154,2550.9941,2543.0090,2553.0215,2573.2952,2574.4951,2607.6775,2567.8750,2554.5938,2565.6409,2572.2195,2584.4250,2608.2568,2588.6865,2568.4956,2568.2476,2584.5076,2580.5356,2599.0715,2616.4490,2572.6746,2577.2258,2587.9004,2591.8311,2611.4839,2613.0977,2584.6318,2568.9509,2586.8660,2591.5828,2585.6663,2604.7400,2584.8386,2560.3450,2572.5090,2571.6401,2588.9348,2609.2498,2581.4045,2557.0764,2554.9248,2561.6274,2577.0188,2588.5625,2584.0940,2557.4072,2545.3672,2552.6907,2555.6697,2553.5596,2579.9978,2532.8721,2530.6379,2550.1667,2547.5601,2559.8899,2562.0825,2534.8582,2540.4023,2535.1064,2538.4990,2554.0146,2545.7810,2515.1638,2505.2339,2518.3911,2515.6189,2531.7136,2546.1533,2515.9912,2502.7100,2500.9724,2511.6882,2510.7368,2539.2852,2514.0054,2492.4905,2498.5312,2507.0957,2502.0066,2509.2058,2482.6021,2485.8706,2486.4497,2474.8650,2472.5479,2498.7795,2493.1938,2477.0579,2477.2231,2476.8096,2483.5535,2491.9526,2472.5894,2463.6111,2455.5430,2434.4419,2466.0935,2473.3755,2449.2539,2448.3438,2434.4006,2433.1179,2464.5212,2459.0183,2445.6130,2423.9741,2426.9531,2430.0149,2440.1516,2458.6875,2445.2820,2435.1040,2432.7041,2432.5386,2439.0759,2464.4800,2458.3564,2437.7932,2438.0000,2442.3857,2448.8816,2460.7976,2475.6511,2448.6333,2437.7520,2451.5710,2443.5857,2448.8816,2464.8108,2452.8950,2440.1516,2457.0325,2448.9644,2460.3838,2475.7751,2453.9294,2437.0486,2467.7898,2445.0752,2474.1201,2477.4302,2471.9688,2460.0527,2460.6321,2472.6306,2465.8040,2485.4568,2481.5261,2470.8103,2467.6658,2458.3564,2474.6580,2494.7661,2490.3391,2459.2253,2464.9763,2458.0669,2469.4036,2484.2983,2477.6785,2444.3303,2448.8816,2452.7708,2458.6047,2490.5459,2499.1104,2457.4875,2454.3430,2461.9561,2473.0032,2472.0100,2502.0894,2476.8923,2458.6047,2477.3474,2481.9814,2492.4077,2505.1511,2479.8298,2470.4792,2484.3811,2455.0879,2474.4099,2492.6560,2496.9590,2460.4666,2459.0598,2479.5403,2488.6426,2489.8838,2511.8953,2476.7268,2481.7332,2482.2710,2484.8777,2494.1455,2504.6133,2498.9036,2486.7395,2489.7598,2492.9871,2504.2822,2519.1357,2516.5706,2489.5530,2484.0916,2504.5718,2511.3987,2521.2458,2528.2795,2483.9673,2495.2212,2499.0276,2512.6814,2527.6177,2526.7900,2504.8616,2494.9316,2502.6687,2500.0208,2511.4814,2526.4177,2495.9661,2499.4829,2491.3733,2509.3301,2505.0684,2530.1414,2519.9219,2501.7998,2490.5459,2490.8354,2520.1287,2529.1069,2533.4099,2505.8960,2491.9526,2504.5718,2513.8398,2528.0312,2540.9402,2503.5789,2507.6750,2513.2192,2516.0740,2528.8174,2533.1619,2512.4744,2499.9792,2500.8896,2515.8257,2516.4878,2541.6851,2510.6125,2514.4189,2516.5291,2523.4802,2536.9268,2544.1675,2511.6055,2502.6272,2522.9009,2532.9136,2541.6023,2550.2908,2568.0820,2518.6807,2536.3889,2527.4521,2538.7061,2556.2903,2557.9451,2523.2732,2514.8328,2537.2578,2537.6716,2557.2004,2543.4641,2545.1191,2521.3701,2530.8862,2529.4380,2540.3196,2564.9375,2569.7371,2530.4312,2535.6855,2523.7698,2528.1140,2567.6682,2571.3091,2556.4143,2545.0364,2539.6990,2540.0713,2551.5735,2559.2278,2592.2446,2533.7825,2530.3896,2541.9746,2559.2278,2563.6135,2574.4536,2550.9529,2530.8035,2533.0376,2539.4922,2540.2783,2541.2712,2559.5173,2520.3770,2525.3420,2522.4458,2529.4380,2542.0986,2547.8083,2526.9143,2516.3638,2526.6660,2513.6743,2517.3979,2537.1750,2531.0103,2509.1230,2502.7515,2515.2466,2525.3005,2524.7214,2559.3933,2517.6877,2507.5923,2502.9583,2513.5088,2522.2388,2532.3342,2494.9316,2494.2695,2496.5867,2501.2205,2512.6399,2509.8679,2519.4668,2486.0774,2482.0642,2494.0627,2499.9792,2508.2129,2532.6653,2493.1526,2475.3201,0.0000
2013e_001,100 0-Back,B-DC4,233251953.1250,233281953.1250,2406.4312,2416.8577,2425.6292,2380.4893,2388.9712,2405.8105,2398.8184,2428.2771,2440.6895,2445.6130,2417.3955,2413.5891,2417.1060,2437.1726,2445.9441,2451.9021,2441.7239,2411.3135,2420.2090,2415.2441,2421.9880,2426.2910,2450.4954,2425.7947,2409.3689,2401.5078,2405.6865,2412.8442,2415.4509,2429.7251,2409.6172,2413.7131,2415.5337,2406.5967,2423.2295,2428.5667,2434.1523,2400.7217,2415.9060,2411.5618,2410.7341,2423.5603,2429.4771,2416.3611,2417.6851,2401.3423,2413.2581,2413.5063,2413.3823,2424.5120,2393.6880,2395.6326,2393.6880,2397.2876,2406.8865,2406.8450,2406.4727,2386.3232,2400.1423,2406.7209,2398.6943,2405.8933,2414.3337,2391.2881,2391.7847,2382.0615,2387.1921,2386.8611,2400.3491,2411.4790,2389.2195,2370.8904,2383.0959,2363.4431,2386.9851,2387.7712,2396.6255,2378.5862,2377.4277,2377.0967,2390.8745,2384.8750,2408.2104,2411.1479,2387.3162,2390.2539,2400.8457,2408.2517,2417.0232,2418.0576,2434.6487,2409.9067,2402.7075,2416.8992,2409.4929,2428.4426,2448.5920,2435.6418,2401.9629,2408.4172,2406.7622,2419.6711,2425.1741,2433.8625,2426.7876,2418.2644,2406.2244,2411.3962,2412.8857,2423.9329,2428.8149,2436.0969,2423.6431,2416.6921,2419.4644,2413.7546,2433.6973,2448.1782,2443.7097,2431.0906,2424.7603,2419.9607,2429.8494,2439.8621,2451.0745,2416.9404,2407.4656,2417.0645,2419.1746,2417.3127,2422.6086,2411.2307,2396.7910,2395.1775,2401.5491,2411.2307,2401.1768,2402.3352,2409.1206,2377.6345,2377.8828,2371.2214,2385.2476,2389.2607,2401.4250,2408.5828,2369.4009,2376.0623,2377.8828,2380.6548,2390.2952,2417.1060,2388.1023,2389.7158,2359.9675,2378.4207,2378.4619,2392.6948,2406.7622,2402.5420,2384.8337,2369.1528,2378.3794,2371.8835,2386.5715,2391.2881,2390.3779,2372.9592,2367.4563,2374.6143,2376.3518,2388.9712,2399.6045,2413.8374,2396.8738,2383.2615,2393.9360,2398.3633,2385.7854,2397.7427,2423.1467,2427.2014,2401.2595,2413.5063,2416.4026,2419.0505,2426.4153,2443.5029,2442.4272,2413.2996,2412.8857,2420.1677,2414.5820,2416.2371,2440.6482,2423.2295,2403.6592,2398.0735,2411.5203,2408.6240,2418.0989,2436.8416,2431.3801,2396.3772,2403.0386,2390.0469,2404.6936,2409.1206,2418.5540,2435.4348,2406.1831,2413.1753,2412.9270,2415.4509,2427.8220,2423.7258,2450.1643,2431.5044,2431.8767,2451.6123,2441.6411,2442.4685,2447.1853,2459.3081,2417.1887,2422.3191,2408.2517,2408.9551,2417.1887,2415.6577,2422.1123,2417.4370,2406.8865,2414.2097,2402.4592,2413.3408,2412.8442,2426.4980,2422.5674,2397.9910,2385.8267,2397.4529,2414.5408,2416.8992,2424.3464,2430.4700,2408.0449,2414.3337,2415.4509,2422.2363,2422.4019,2424.8430,2403.3281,2405.0244,2402.6248,2392.3640,2409.4102,2409.9067,2426.1670,2387.9368,2371.9663,2381.6892,2384.5027,2386.4473,2400.8870,2419.4229,2382.4753,2382.9719,2366.0083,2395.3428,2386.0337,2397.8667,2414.5408,2395.4255,2382.0615,2389.4678,2400.5974,2395.2188,2421.8640,2429.6423,2397.7427,2399.4802,2391.7019,2397.2048,2396.0876,2402.9558,2422.1123,2397.5771,2393.0259,2379.0000,2388.5989,2401.5078,2403.1626,2432.4558,2409.9480,2380.1169,2374.6970,2389.3022,2399.8113,2418.8022,2404.7349,2414.0442,2395.0947,2393.1086,2400.8044,2416.7336,2430.2629,2437.4622,2437.1726,2406.5967,2398.1978,2401.3423,2399.0251,2420.3333,2421.6572,2427.5322,2406.8865,2401.4250,2397.7839,2402.0457,2432.3730,2411.0652,2441.9722,2405.1072,2408.7068,2410.0308,2404.5281,2409.4102,2423.8914,2433.3247,2423.8914,2410.0308,2417.8921,2408.2517,2416.4438,2424.5947,2433.9453,2409.2861,2411.6858,2407.5071,2402.9146,2414.3337,2436.0969,2437.9587,2400.6389,2408.9138,2393.5637,2380.4480,2396.5842,2407.0933,2422.0295,2395.6326,2388.9297,0.0000
2013e_001,100 0-Back,B-DC4,234048359.3750,234078359.3750,2304.0291,2307.2976,2294.5957,2295.0508,2312.8833,2333.5291,2327.5713,2351.4443,2308.2493,2309.5320,2309.1182,2312.0144,2309.7800,2333.4465,2353.5544,2372.5869,2324.2200,2322.3167,2320.2893,2323.1028,2329.6399,2346.8518,2364.5188,2362.9053,2317.3518,2325.1301,2319.1721,2325.8335,2335.0601,2355.1267,2365.2634,2379.0000,2338.0391,2331.4604,2326.7852,2336.4668,2343.0867,2350.7410,2380.7791,2387.0679,2350.4514,2342.0938,2344.2866,2351.8167,2353.5132,2371.1802,2395.5498,2387.3989,2350.6582,2342.4248,2351.5271,2352.1064,2371.8008,2372.1731,2398.0735,2360.5881,2354.3406,2349.5413,2349.7893,2354.1750,2370.3525,2377.4690,2395.1775,2353.7200,2345.4038,2344.6177,2353.1409,2362.2432,2363.6912,2384.9165,2351.1133,2346.8518,2340.1077,2362.4915,2347.7207,2365.8428,2378.5862,2362.7397,2337.9563,2332.6604,2324.9646,2334.4395,2349.8308,2365.2222,2374.6970,2346.9758,2348.5896,2333.3223,2341.4316,2355.7888,2363.5259,2378.3794,2379.6206,2348.3826,2345.8589,2346.1484,2344.9485,2367.3735,2377.3450,2384.1716,2355.9956,2340.1077,2343.1694,2351.2788,2348.0518,2353.3062,2367.7046,2379.1240,2347.8447,2343.8315,2347.3484,2350.2446,2363.9810,2375.4004,2380.2412,2401.8801,2351.8582,2354.3821,2362.5327,2357.0713,2380.4893,2381.3582,2408.0449,2379.7446,2362.6570,2358.6851,2351.6926,2370.3940,2373.8281,2389.3850,2404.0730,2361.1675,2350.6997,2364.2705,2355.2922,2358.6023,2383.0959,2387.3989,2393.4810,2369.2769,2358.3540,2363.1121,2383.7581,2383.4270,2397.4944,2400.2664,2397.8254,2373.0420,2375.0278,2369.1941,2379.5378,2394.8049,2405.2727,2420.2090,2405.7278,2367.0427,2370.6008,2387.0266,2391.3296,2408.4587,2428.1528,2441.8066,2390.2124,2393.2327,2383.6338,2381.2341,2395.5911,2417.1060,2426.6636,2427.6978,2386.6543,2368.6562,2380.1584,2379.0413,2388.7644,2406.0176,2419.8367,2405.3555,2377.2207,2371.7593,2392.6121,2379.4963,2395.2600,2407.0105,2408.2517,2397.2461,2377.3450,2372.0491,2364.1050,2351.0308,2370.4768,2389.6331,2371.9663,2342.1350,2341.3076,2337.4185,2340.1077,2346.4795,2356.3679,2365.3049,2344.2866,2324.4680,2326.9092,2339.6941,2326.4541,2340.3975,2350.4927,2357.9402,2336.8806,2321.7788,2327.7368,2336.0117,2356.7817,2350.4927,2355.8716,2346.8931,2335.9702,2336.3840,2326.3301,2342.2593,2362.8638,2368.2012,2390.9985,2358.9746,2344.0383,2351.9822,2350.1204,2350.0791,2361.4570,2380.3240,2374.9866,2347.4724,2364.1877,2353.9683,2347.1829,2369.8975,2377.9241,2399.9355,2398.4460,2356.6162,2369.7319,2368.5735,2382.9719,2385.3303,2394.6394,2395.2600,2391.6606,2377.6760,2387.4817,2373.8281,2366.7944,2391.0813,2401.1768,2425.4221,2373.3730,2370.5596,2365.2222,2363.8567,2381.8135,2380.7791,2392.4880,2403.2454,2375.1106,2360.5469,2363.2776,2366.7117,2364.4773,2370.6008,2398.7769,2409.7000,2377.6345,2363.7327,2362.6570,2364.2292,2357.1956,2377.9656,2398.1562,2388.1438,2388.1023,2374.1177,2359.0986,2361.5398,2364.9326,2381.6064,2389.7158,2409.1621,2363.5259,2352.8098,2348.9619,2357.7747,2371.2629,2390.6262,2392.7363,2398.7769,2374.2832,2349.8308,2353.1821,2365.7188,2359.5952,2374.6970,2393.7708,2406.1416,2391.7019,2363.3188,2361.6638,2357.1541,2375.0278,2376.2693,2393.7708,2400.9697,2385.1233,2360.4641,2354.7957,2354.3821,2354.8372,2367.8289,2382.5168,2396.2944,2378.0896,2375.4004,2357.7747,2357.3196,2370.5596,2367.3735,2386.9851,2402.2112,2385.8682,2357.6506,2355.5405,2370.8904,2355.8301,2368.4080,2398.1978,2405.5210,2403.9487,2364.2705,2360.9192,2368.9045,2358.8091,2361.2915,2377.4277,2383.6753,2363.9395,2350.0791,2358.4780,2342.9211,2345.5691,2353.8855,2365.7188,2382.4753,2358.6851,2344.7830,2328.3159,2337.7493
2013e_001,102 2-Back,B-DC4,232876359.3750,232906359.3750,2586.9487,2591.7068,2559.4346,2562.9102,2553.3113,2566.7166,2560.7173,2568.6199,2564.5237,2545.8225,2549.2151,2550.6218,2563.8618,2576.3569,2576.5225,2544.7053,2547.5601,2543.0918,2542.2229,2564.4824,2576.3569,2544.3330,2529.1069,2538.0027,2549.1738,2548.8013,2556.0005,2519.2185,2537.5474,2531.7136,2550.6218,2549.5461,2569.6543,2530.9690,2532.1687,2544.7053,2537.1750,2545.6570,2549.0911,2513.2192,2528.9417,2516.7773,2527.3279,2545.8638,2540.4436,2512.5986,2514.2537,2513.6331,2513.5088,2536.3889,2512.0193,2501.6343,2510.3230,2497.9519,2513.1777,2522.0320,2512.5986,2488.3530,2484.3811,2494.8901,2498.7380,2514.5432,2498.8623,2491.4976,2486.8635,2483.3882,2494.4351,2500.5999,2491.9526,2481.1953,2470.9756,2481.9399,2484.6294,2499.4001,2494.1868,2475.9407,2480.4504,2485.4983,2486.1602,2499.4001,2476.1062,2479.6643,2478.2163,2485.4155,2498.2830,2511.6882,2512.6399,2474.9062,2483.4294,2473.3340,2493.8560,2509.2886,2495.6763,2491.6631,2495.4282,2496.9590,2496.5039,2523.6042,2508.5024,2494.8074,2494.1455,2506.5166,2511.1504,2516.1155,2501.9238,2494.6421,2499.9792,2502.9583,2505.9785,2521.3286,2502.0066,2483.7605,2491.0425,2483.2639,2493.8560,2514.3777,2496.1729,2480.9470,2487.1531,2491.1252,2486.4912,2514.6260,2506.1855,2485.0845,2493.6077,2498.4485,2502.0894,2514.2122,2507.9646,2490.2976,2473.0032,2486.5325,2494.0627,2510.9849,2523.1492,2496.9590,2485.2913,2493.9800,2498.1589,2513.6743,2515.8672,2487.4841,2492.8628,2502.0066,2498.0347,2526.6245,2524.3489,2509.6196,2502.4204,2507.8406,2512.3916,2507.8406,2536.7615,2505.6062,2504.0339,2511.8538,2517.0671,2524.3904,2533.9893,2513.3433,2494.5178,2488.0635,2493.6489,2496.5039,2508.4197,2521.4114,2481.7744,2496.2141,2497.4968,2510.1987,2505.9373,2533.9065,2509.6609,2504.7373,2508.5024,2528.3623,2524.5559,2549.2979,2520.8735,2492.0354,2509.6609,2508.0886,2518.6392,2529.8103,2550.4978,2497.9519,2510.3230,2521.0391,2517.9773,2531.3413,2543.6296,2518.3083,2512.9709,2502.7927,2513.5088,2525.7556,2534.5271,2523.6870,2486.4912,2500.3931,2499.5242,2509.1646,2527.6177,2537.6716,2514.1709,2500.4343,2499.3174,2503.8271,2526.0867,2532.0859,2521.7424,2503.8684,2511.2747,2508.0474,2515.4121,2523.5627,2533.9893,2501.7170,2496.6279,2501.0964,2496.5867,2505.8960,2525.0938,2497.2900,2482.1055,2480.4919,2484.1328,2504.6960,2510.8196,2524.8042,2488.8496,2482.8916,2496.5452,2498.5312,2516.0327,2527.7830,2492.1594,2487.2358,2486.7395,2479.9126,2504.9028,2514.2537,2503.9927,2484.1743,2486.8635,2497.0417,2516.7773,2517.1499,2544.6638,2486.8635,2489.3459,2478.2991,2496.5452,2501.7583,2527.0383,2505.7305,2485.3328,2475.1958,2488.2703,2503.4961,2515.6604,2522.1147,2483.1812,2487.6084,2480.2849,2483.8433,2511.2332,2519.5496,2506.0613,2484.8777,2484.5051,2490.8770,2486.4912,2493.2354,2502.8342,2488.8496,2470.5620,2464.4800,2465.2246,2465.4314,2494.8074,2497.0417,2466.2175,2447.1438,2460.8389,2468.2036,2492.2422,2525.8799,2486.5740,2467.8726,2473.3755,2471.0171,2473.1685,2490.0908,2517.7705,2462.3699,2460.7148,2439.9861,2449.6265,2464.8523,2470.6448,2490.2148,2448.2197,2442.7168,2425.5049,2409.4102,2458.7288,2479.2507,2477.0164,2441.1860,2448.3438,2442.3030,2446.0681,2477.7612,2503.1650,2461.0044,2451.8193,2434.9385,2452.8950,2465.1833,2480.9883,2497.6208,2460.7148,2445.6545,2455.2947,2470.1897,2484.3396,2485.6636,2471.4722,2437.4622,2441.4343,2455.7085,2467.9553,2490.0908,2484.3396,2466.3003,2449.7092,2441.5168,2459.3909,2470.1897,2485.4155,2509.9507,2470.7275,2454.5085,2464.5212,2466.7969,2488.1047,2501.9653,2527.4521,2490.5872,2472.5479,2477.2646,2467.8313,2484.0500
2013e_001,102 2-Back,B-DC4,233357156.2500,233387156.2500,2349.4998,2354.3821,2360.2158,2369.6079,2395.4255,2389.6746,2358.6851,2360.2158,2362.7397,2375.4832,2382.0203,2384.8337,2397.9495,2380.2825,2358.1057,2364.8911,2371.1387,2369.3181,2379.5791,2380.5308,2385.6611,2354.9612,2349.7893,2350.7410,2350.9065,2370.2285,2372.8765,2395.2188,2352.8511,2348.9207,2335.3496,2346.8931,2350.4514,2363.4016,2377.0967,2350.9065,2337.0874,2348.5481,2335.9290,2339.4871,2348.7136,2370.3113,2339.7769,2332.9912,2339.3630,2338.7424,2351.2788,2362.8225,2369.2769,2348.7136,2328.3159,2330.5916,2337.4597,2340.6455,2353.7200,2355.5405,2328.5229,2319.4619,2317.6826,2329.1436,2341.8042,2341.6799,2337.8320,2323.0613,2325.7507,2320.7031,2328.3574,2335.3496,2356.0369,2352.6855,2320.4133,2318.6343,2316.8965,2327.7368,2328.2332,2339.4458,2327.8196,2313.2556,2321.2822,2336.7563,2329.9297,2337.7908,2355.4990,2344.7830,2325.3784,2329.4744,2337.6667,2347.3069,2358.0229,2360.7537,2376.4346,2365.8840,2365.0566,2362.3259,2381.1101,2373.2488,2375.1934,2395.7153,2381.1926,2374.5728,2387.7300,2380.2825,2405.4797,2419.5471,2411.3547,2394.7222,2396.2117,2391.0813,2410.6101,2420.9124,2414.2510,2412.3479,2400.8457,2391.4124,2403.9487,2407.7139,2420.3333,2426.0842,2412.7615,2401.7559,2413.1753,2401.5491,2407.6311,2437.3381,2444.8684,2417.9749,2398.6116,2393.0674,2403.3281,2402.6248,2396.9565,2395.4670,2390.5020,2398.6116,2374.4900,2393.1086,2397.9082,2410.0308,2391.7019,2372.2559,2375.7727,2379.2480,2393.3569,2409.2034,2413.6719,2379.8687,2384.0889,2395.8809,2390.3779,2403.6592,2404.6936,2401.7974,2378.4207,2386.2405,2391.0813,2394.2671,2399.9768,2398.8596,2385.4128,2386.8196,2373.3730,2384.4199,2389.4263,2411.2307,2398.0735,2373.2075,2384.7095,2394.3499,2398.9839,2408.1277,2407.4656,2397.1633,2394.4741,2395.9221,2403.2869,2414.7476,2433.2834,2400.1423,2388.8057,2391.7019,2394.0603,2424.0569,2431.6697,2410.5273,2392.4880,2388.2263,2408.5413,2418.9265,2418.0161,2427.5322,2399.6873,2399.0251,2389.7158,2392.5293,2385.6199,2404.6936,2427.1599,2403.0386,2385.7439,2406.5139,2394.0188,2411.5618,2416.0715,2413.0098,2383.6753,2398.1562,2401.7974,2402.2112,2406.1003,2424.4707,2415.8232,2398.6528,2395.0120,2403.5764,2403.1213,2426.2083,2431.4629,2399.1907,2406.3071,2396.1704,2404.2385,2401.5903,2429.2288,2422.0708,2401.4663,2409.5344,2424.4292,2423.8914,2446.0269,2457.4463,2438.8276,2442.3857,2444.6614,2450.4539,2457.4463,2478.8782,2495.9246,2464.1489,2448.5505,2455.9568,2449.7505,2452.2329,2474.4099,2462.1628,2427.4497,2427.8633,2436.9658,2424.6775,2429.8494,2433.7798,2394.5566,2383.5510,2388.5574,2390.2124,2402.3765,2430.5940,2433.6973,2409.3689,2413.0098,2423.3948,2433.9868,2439.2827,2475.6924,2430.5527,2420.7468,2415.1614,2412.3479,2424.9670,2426.8704,2446.3992,2407.4243,2413.3408,2417.9749,2407.8794,2428.7737,2449.2954,2429.4771,2400.6389,2403.8660,2416.8992,2409.4517,2429.6838,2426.6221,2412.0168,2394.9292,2410.2791,2403.5764,2430.1389,2430.5112,2434.7314,2400.4734,2397.5771,2377.7173,2394.8049,2387.2334,2412.6375,2400.0596,2365.5117,2370.7249,2363.4016,2367.5806,2363.4016,2364.3120,2344.0383,2318.4275,2302.4155,2315.1174,2316.6069,2334.4807,2331.9155,2321.3237,2306.3875,2312.0972,2315.9036,2325.5852,2342.3420,2352.1064,2314.9106,2303.2844,2316.6069,2322.7717,2316.9380,2344.0383,2354.5061,2330.6331,2313.7107,2323.6821,2334.4807,2344.3279,2340.6870,2368.0356,2332.8257,2336.3013,2334.9358,2327.3643,2339.2388,2365.0566,2390.4607,2350.3274,2334.3567,2331.3777,2343.8728,2342.3420,2359.3469,2366.7117,2336.9219,2346.5208,2350.6169,2363.3188,2380.1169,2407.9622,2419.3401,2377.5518,2382.2686
2013e_001,100 0-Back,B-DC8,232665953.1250,232695953.1250,7381.0903,7129.9019,7085.6562,7172.1694,7190.0435,7303.8804,7405.9966,7345.9282,7161.9136,7197.7349,7308.8613,7360.5791,7483.6460,7604.5156,7296.1152,7289.3760,7391.3457,7423.5776,7523.9360,7658.7236,7521.7383,7372.2998,7494.6343,7513.6802,7611.8408,7707.8037,7769.3374,7462.4023,7546.6445,7605.2480,7636.7471,7723.1870,7812.5571,7512.2153,7523.2031,7617.7012,7635.2822,7734.1753,7841.1265,7542.9819,7501.9595,7538.5864,7580.3413,7663.1187,7763.4771,7521.7383,7450.6816,7489.5063,7519.5405,7576.6787,7660.9209,7493.1689,7375.2300,7433.1006,7439.6934,7485.1113,7578.1440,7476.3208,7315.8940,7381.0903,7391.3457,7430.9028,7501.2271,7458.0068,7247.2549,7259.5615,7282.7100,7373.7646,7447.0190,7466.7974,7208.5034,7215.9751,7257.3638,7277.3623,7370.8345,7407.4614,7140.5234,7137.8862,7172.4624,7167.4077,7243.5923,7315.2349,7053.2778,7013.5010,7059.7241,7080.6748,7127.0449,7186.6006,6952.1138,6923.2515,6958.8530,6972.8447,7006.6147,7042.0698,6855.8579,6802.4556,6824.4316,6837.6909,6884.1338,6906.4033,6727.4434,6671.3306,6695.4312,6707.5913,6788.6836,6823.3330,6610.8960,6587.6011,6614.9980,6649.1343,6705.2471,6796.0825,6573.9023,6554.0508,6589.5054,6628.9897,6716.8945,6789.9292,6624.1548,6579.3232,6629.2095,6631.1138,6694.7720,6780.4790,6648.3286,6609.4307,6587.2349,6662.8330,6713.4517,6796.8149,6686.7871,6612.8003,6605.4019,6634.8501,6698.4346,6780.1128,6806.2646,6645.8379,6640.7837,6698.5078,6743.5591,6805.0195,6888.0898,6704.8809,6691.0356,6723.4873,6761.5063,6851.9019,6933.2144,6725.3188,6730.0073,6754.6206,6787.1455,6876.5889,6996.6523,6768.6855,6711.0342,6759.8950,6765.6084,6829.9990,6913.2158,6718.4331,6660.8550,6688.1060,6690.7427,6764.9492,6872.3398,6740.8486,6655.6543,6692.4277,6719.6050,6790.7349,6866.9922,6840.1812,6713.9644,6700.0464,6741.5811,6799.3789,6875.1968,6933.2876,6735.9409,6732.4243,6744.4380,6759.7485,6839.9614,6955.9961,6714.0376,6698.5078,6765.9751,6767.7329,6860.0332,6952.4800,6809.2681,6721.2168,6765.4619,6794.6172,6867.7983,6949.0371,6989.9131,6770.6631,6786.1929,6833.1489,6886.5513,6938.4150,7064.9253,6824.9443,6814.2495,6865.0146,6918.4170,6991.8906,7095.9116,6892.6313,6844.5767,6898.6382,6910.2124,7020.1670,7085.4365,6937.6826,6841.0605,6856.6636,6891.4595,6935.9980,7045.0000,7054.0835,6819.0840,6866.0400,6882.0825,6927.4272,7012.1821,7121.7705,6868.5308,6855.9312,6899.7368,6927.1343,7011.4497,7116.5693,6882.8887,6863.0366,6905.8169,6905.7437,6997.8242,7083.0923,6886.8442,6827.3618,6853.1475,6890.7266,6948.5977,7072.6167,6882.5225,6797.4741,6853.8799,6836.6650,6903.6196,6991.6709,6952.5532,6797.1079,6811.9053,6851.0229,6915.1938,6992.6968,7093.1279,6820.7690,6830.3652,6904.2788,6924.4238,7017.3101,7125.6528,6940.7593,6886.4780,6927.9399,6938.4150,7000.1685,7100.4536,7031.5215,6850.7300,6848.8252,6921.4937,6973.4307,7050.9336,7163.3789,6881.4966,6849.5581,6900.6162,6922.6655,7019.5811,7139.7178,7060.8960,6894.5361,6921.5669,6950.9419,7024.3423,7116.2764,7222.1284,6928.8921,6929.1118,6996.7988,7009.2520,7105.2148,7213.4849,7122.9424,6933.6538,6992.1836,7041.9966,7098.9150,7197.3687,7292.2329,6951.3813,6964.2007,7010.2041,7004.6372,7082.8726,7170.9971,6990.3525,6917.3179,6944.7886,6943.1035,7018.3354,7093.2744,7125.0669,6907.7217,6920.6875,6941.4917,6963.4683,7059.2847,7163.0127,6920.1016,6880.6909,6916.5854,6916.1460,7013.7207,7096.2778,7007.1274,6866.3330,6875.8560,6903.6196,6927.9399,6995.7734,7034.8911,6807.5103,6822.4541,6819.3037,6892.4116,6951.3081,7010.7905,6801.7964,6759.8950,6794.2510,6805.5322,6861.4253,6950.7954,6923.7642,6737.1860,6711.6201,0.0000
2013e_001,100 0-Back,B-DC8,233251953.1250,233281953.1250,6794.9834,6917.2446,6715.3564,6658.5845,6677.4839,6729.7871,6776.1572,6880.3979,7015.7715,6792.2729,6749.7856,6761.1401,6787.6582,6850.9497,6923.7642,6976.5073,6742.3872,6726.4175,6758.0635,6771.0293,6820.4761,6869.8491,6878.2002,6699.4600,6691.1094,6726.2710,6754.1079,6815.4214,6878.3467,6767.2202,6681.8057,6688.2524,6725.0259,6770.0771,6813.9565,6887.8696,6714.1108,6701.3647,6736.6733,6715.5762,6759.4551,6847.2139,6854.6855,6667.6680,6673.7480,6697.9951,6727.0039,6792.1997,6847.2139,6706.4927,6643.8604,6606.4272,6652.7974,6670.2319,6726.4907,6797.6938,6611.2622,6590.9707,6614.0459,6628.1836,6674.4805,6721.7295,6731.6919,6604.9624,6587.1616,6598.5894,6593.0952,6669.0596,6727.0771,6607.4526,6538.8140,6518.8887,6562.7681,6570.1665,6638.8789,6699.8262,6590.8975,6537.0557,6523.2837,6559.1782,6584.1582,6650.0137,6734.9883,6630.6011,6570.3130,6590.7510,6636.3882,6670.7446,6752.9355,6831.0244,6707.0054,6647.8159,6664.2983,6697.7754,6718.3599,6818.6445,6887.8696,6733.5967,6677.4106,6687.8125,6706.0532,6776.3770,6817.7656,6894.7559,6731.7651,6697.9951,6736.6001,6760.3345,6806.4111,6889.8477,6960.4648,6768.8320,6794.6172,6822.0142,6819.8169,6891.3130,6971.3794,7053.7905,6859.0078,6857.9087,6880.1050,6888.8223,6947.7183,6998.0439,6973.5039,6823.2598,6773.4468,6813.0771,6814.9819,6872.9258,6961.0508,6803.1880,6717.5537,6726.4175,6725.1724,6758.7959,6821.6479,6860.6191,6714.4038,6634.5571,6635.7290,6660.1958,6694.5522,6736.8931,6790.0757,6648.0356,6583.8652,6594.7065,6615.8770,6677.4839,6739.5303,6824.4316,6629.6489,6609.4307,6580.5684,6593.9741,6640.3442,6733.8896,6799.8184,6612.1411,6547.4575,6545.4067,6556.3213,6589.7256,6675.1396,6706.1265,6562.4014,6517.6431,6531.7812,6549.8018,6583.4985,6673.0884,6729.0547,6719.8247,6573.3896,6554.8564,6577.2720,6617.4155,6654.2622,6757.6240,6829.4131,6674.5537,6656.8262,6690.6694,6717.3340,6765.1689,6816.3735,6852.0483,6711.2539,6696.7495,6731.6919,6727.1504,6771.9087,6835.4199,6924.2041,6707.9575,6689.6440,6681.8057,6718.8726,6764.0703,6814.3960,6899.2974,6779.6001,6694.0396,6694.1128,6732.3511,6771.9819,6844.7231,6914.1680,6841.2803,6740.2627,6747.0020,6794.0312,6839.1558,6906.6230,6969.8413,6970.0610,6857.6157,6871.6807,6890.1406,6911.0181,6964.6401,7020.3867,7040.8979,6804.8730,6802.5288,6837.9839,6817.7656,6906.4033,7002.0000,7038.1143,6810.4399,6800.4043,6811.3926,6836.3721,6885.1597,6955.6299,7020.6797,6809.8540,6796.3022,6808.8286,6847.0674,6896.6602,6982.5874,7080.7480,6875.9292,6868.6040,6885.8921,6892.4849,6949.2568,6988.8140,7006.3218,6792.1997,6790.9546,6794.7637,6803.5542,6865.5273,6937.0234,6926.5479,6733.1572,6721.2900,6750.4448,6747.8813,6804.5801,6884.3535,6866.2598,6697.2627,6660.1958,6713.0122,6705.6865,6776.3770,6852.7812,6846.5547,6677.2642,6688.7651,6754.7671,6770.0039,6855.9312,6899.5903,6918.6367,6684.5894,6684.2231,6716.3818,6709.4229,6776.3037,6839.1558,6852.0483,6658.9507,6654.9214,6701.2183,6696.9692,6764.7295,6831.9771,6895.1953,6676.3853,6624.5942,6653.5298,6659.0239,6718.7993,6757.4775,6861.4985,6689.9370,6639.2451,6665.7632,6663.1992,6717.0410,6804.7266,6875.6362,6728.1025,6657.0459,6643.6406,6686.8604,6696.0903,6782.0176,6840.7676,6705.3936,6640.1973,6655.4346,6687.8857,6709.6426,6800.8438,6862.1577,6854.2461,6686.7871,6674.1143,6721.4365,6733.9629,6815.4214,6870.6553,6903.7661,6717.2607,6696.8960,6730.2271,6753.3750,6817.7656,6869.2632,6829.6328,6695.3579,6694.2593,6732.4243,6740.9951,6808.6821,6877.9805,6801.0635,6680.4873,6681.5127,6680.7070,6691.9883,6733.2305,6809.7075,6817.6191,6643.8604,6646.6440,0.0000
2013e_001,100 0-Back,B-DC8,234048359.3750,234078359.3750,6285.1348,6252.3169,6282.1313,6320.9561,6381.3906,6476.4014,6547.6040,6365.0547,6307.1108,6287.4053,6297.5146,6335.6064,6419.8491,6495.3008,6579.3232,6575.2212,6372.0142,6360.2202,6382.9287,6392.1587,6485.7046,6532.9536,6612.5073,6545.6265,6386.5181,6387.7637,6430.1777,6438.7485,6516.4712,6604.7427,6661.1479,6603.2773,6419.2627,6411.5713,6443.6567,6476.1079,6562.9878,6668.6201,6760.4077,6641.8091,6509.1460,6493.5425,6527.0200,6569.6538,6657.4854,6720.0444,6797.4741,6616.0967,6526.2871,6521.6724,6555.5156,6601.5195,6668.5469,6758.1367,6808.7554,6580.6421,6545.9194,6582.5464,6597.1240,6664.2983,6736.8198,6806.7773,6668.1807,6562.2549,6523.5767,6547.0913,6545.3335,6647.3765,6730.1538,6750.2983,6520.2070,6501.4541,6516.6177,6528.1187,6573.2432,6652.7241,6753.2285,6529.9502,6476.6943,6469.5151,6483.9463,6521.2329,6620.7852,6699.0938,6737.7720,6483.2871,6477.7197,6502.4795,6504.9702,6583.4985,6661.9541,6732.7905,6670.5249,6490.0264,6478.4521,6504.7505,6523.7964,6609.3574,6698.8008,6744.6577,6497.7915,6432.6685,6459.9189,6484.6787,6536.1768,6609.9434,6676.8247,6549.4355,6433.1812,6462.3364,6473.6909,6488.8545,6589.8721,6691.0356,6791.4673,6573.6094,6478.8184,6511.0503,6528.9976,6559.4712,6646.2041,6704.5146,6760.1147,6493.2495,6491.9312,6498.8169,6518.5225,6563.7202,6659.0972,6756.0122,6640.1240,6489.0742,6444.0962,6511.8560,6501.8203,6571.1919,6653.4565,6747.0020,6610.8960,6456.6958,6476.2549,6509.3657,6551.1206,6619.4668,6738.5776,6819.9634,6638.4395,6526.3604,6543.5020,6578.5908,6598.7358,6681.8789,6742.5337,6835.8594,6604.8892,6559.9111,6609.7236,6615.5107,6673.6748,6805.6787,6881.2036,6808.8286,6600.5669,6586.8687,6604.9624,6616.8296,6694.9185,6789.7827,6873.0723,6770.3701,6592.8022,6551.4868,6598.0762,6602.4717,6669.8652,6772.0552,6855.2720,6642.0288,6549.6553,6573.0967,6591.3369,6622.2500,6703.1230,6783.0430,6739.6768,6508.8525,6472.5918,6480.3569,6491.1987,6542.4033,6614.7783,6673.7480,6450.1763,6419.0430,6414.2817,6429.0059,6440.3604,6492.5903,6557.9331,6595.3657,6369.8164,6352.6016,6360.5132,6384.9067,6412.9629,6485.4116,6570.9722,6436.7705,6351.3564,6361.9048,6390.5474,6406.5166,6470.0278,6546.1392,6559.1050,6391.1333,6364.3955,6401.5356,6421.3872,6465.7793,6529.2905,6618.7339,6542.4766,6418.8232,6404.5391,6447.0264,6455.3042,6504.5308,6600.6401,6663.4189,6527.2397,6446.2939,6475.6685,6498.4507,6514.7129,6598.1494,6662.3936,6739.0908,6575.5142,6536.7627,6551.4868,6559.6177,6626.3525,6702.7563,6776.7432,6810.7334,6615.7305,6602.3984,6618.0747,6623.4224,6655.2144,6743.3394,6810.1470,6749.1997,6565.4048,6549.7285,6570.2397,6559.1050,6629.4292,6695.8706,6763.9238,6792.7129,6539.7661,6519.8408,6538.0811,6550.2412,6600.8599,6671.7700,6757.9170,6808.9019,6540.2788,6535.5171,6543.6484,6578.2246,6628.9165,6699.5332,6771.0293,6811.3926,6550.8276,6550.6807,6568.1885,6597.3438,6639.8311,6732.2778,6811.6123,6731.1060,6553.3179,6541.8906,6575.9536,6573.9023,6643.3477,6741.1416,6834.6143,6843.8442,6579.2500,6532.0742,6569.3608,6546.0659,6606.1343,6702.3901,6773.9595,6866.6992,6590.1650,6538.3740,6546.3589,6567.4561,6595.1460,6680.1943,6736.1606,6805.3125,6563.7202,6502.4795,6531.7080,6546.0659,6615.0713,6681.2197,6761.7261,6837.9106,6566.6504,6534.4185,6550.9741,6584.2314,6596.5381,6700.6323,6761.1401,6844.5767,6568.7749,6522.3315,6543.3555,6544.6738,6574.7085,6666.1294,6749.4927,6819.3037,6568.8481,6503.2856,6497.1323,6504.2378,6528.8511,6614.6318,6649.7939,6737.7720,6460.5049,6408.7144,6426.8813,6425.2695,6473.0312,6558.9585,6634.7036,6673.8945,6423.2188,6393.3311,6413.9155,6412.0840
2013e_001,102 2-Back,B-DC8,232876359.3750,232906359.3750,7694.6182,7650.6655,7455.0767,7491.7041,7542.2495,7603.0503,7673.3745,7743.6982,7492.4365,7504.8896,7539.3193,7588.3994,7672.6416,7762.7446,7532.7261,7485.1113,7559.8306,7585.4692,7645.5376,7759.0815,7558.3652,7474.8555,7521.0059,7531.9937,7583.2715,7689.4902,7548.8423,7452.1465,7508.5522,7500.4946,7573.7485,7657.9907,7497.5645,7420.6475,7488.7739,7499.7617,7545.1797,7629.4219,7409.6592,7369.3696,7408.1943,7389.1479,7421.3799,7493.9014,7289.5225,7242.8594,7273.5532,7271.7217,7318.5312,7362.7769,7165.7964,7112.2476,7134.0771,7147.1895,7184.4761,7245.2769,7051.2266,7008.4463,7037.7480,7058.6987,7133.6377,7157.7383,6955.1904,6926.9146,6979.7305,6976.3608,7037.1616,7064.7788,6890.3604,6866.1865,6891.6060,6928.8188,6990.9385,7016.7974,6852.6348,6818.0586,6871.0947,6888.7490,6964.2739,6992.1104,6818.0586,6774.9121,6820.7690,6864.2090,6924.7900,7007.7871,6819.3037,6795.2031,6833.5884,6868.8970,6945.4478,7016.9438,6830.0723,6801.7964,6860.6191,6883.9873,6940.3198,7017.9692,6864.8682,6830.9512,6890.9463,6890.0674,6980.9028,7026.4668,6867.5054,6832.0503,6875.5630,6888.8955,6972.5518,7023.2437,6849.5581,6816.8867,6858.2754,6862.8901,6915.1938,6996.2861,6810.5869,6773.6665,6788.6836,6816.1538,6896.4404,6962.8823,6789.8560,6758.2100,6757.8438,6781.7979,6838.6431,6889.3350,6764.7295,6695.7241,6744.2915,6750.6646,6808.2427,6912.1172,6780.6992,6731.0327,6729.6406,6771.1025,6824.3584,6884.3535,6837.3247,6741.5078,6739.5303,6778.0620,6840.1079,6899.0776,6906.1836,6790.8813,6760.6274,6783.4092,6864.8682,6928.3794,6986.1768,6812.4912,6772.4946,6822.8936,6830.3652,6902.3008,6994.8940,6768.8320,6690.8892,6769.7109,6779.8931,6830.2920,6954.5312,6762.7520,6727.3701,6761.2134,6767.3667,6848.5322,6948.5244,6888.9688,6777.1826,6804.5801,6806.8506,6864.2822,6948.9639,7034.5981,6799.1592,6789.1230,6837.6177,6837.6909,6935.2651,7034.9644,6846.5547,6793.2256,6834.3208,6830.6582,6883.1816,6954.6777,6962.1494,6752.9355,6749.3462,6777.7690,6804.7998,6870.7285,6961.9297,6774.2524,6730.5200,6733.0107,6756.3052,6831.5376,6916.4390,6936.3643,6733.8896,6752.9355,6799.5986,6825.6040,6905.3042,7022.4380,6767.5132,6744.7310,6799.2324,6821.3550,6850.2905,6940.1001,6821.3550,6702.4634,6708.8364,6698.7275,6752.0566,6840.1812,6837.8374,6637.9268,6614.4854,6658.3647,6690.3765,6780.4058,6854.3193,6692.2080,6627.0850,6653.3833,6677.4839,6747.8081,6804.2866,6755.4263,6605.6948,6614.4121,6648.9878,6679.3887,6751.7637,6840.2544,6583.7188,6556.9810,6580.3486,6612.5806,6694.4058,6773.3003,6627.6709,6508.7061,6512.8086,6528.7046,6590.3115,6671.4038,6700.9253,6478.4521,6429.2988,6474.0571,6477.3535,6550.0947,6646.2041,6601.5928,6429.3721,6449.5903,6465.9990,6501.3809,6551.2671,6659.6831,6467.8306,6386.2983,6427.3940,6416.1860,6491.7114,6589.0659,6589.3589,6382.4893,6332.6763,6360.9526,6404.8320,6484.4590,6553.9775,6393.9902,6296.1958,6280.8857,6359.3408,6409.0806,6508.1934,6586.7222,6360.5864,6295.7563,6306.2319,6336.3394,6405.4180,6473.0312,6452.7402,6273.8535,6230.5601,6253.0493,6299.7119,6374.7979,6455.8169,6347.4736,6226.5312,6174.5938,6130.2754,6194.1528,6406.1504,6537.5684,6260.4478,6220.0850,6244.4785,6272.0220,6364.7617,6450.5425,6399.3379,6231.9521,6217.1548,6286.1602,6302.9351,6387.4707,6484.7520,6342.5659,6249.7529,6265.4292,6285.2080,6343.3716,6430.6172,6546.3589,6256.2725,6231.0728,6260.8872,6311.6523,6376.7021,6472.2256,6455.3774,6248.5073,6221.8428,6284.8413,6311.9458,6408.7144,6504.7505,6427.2476,6292.7529,6246.2363,6286.0869,6351.7959,6462.7759,6564.5259,6523.0640,6326.0103,6330.7720,6342.1997,6386.8848,6489.9531
2013e_001,102 2-Back,B-DC8,233357156.2500,233387156.2500,6499.6226,6511.8560,6558.9585,6620.3457,6734.4756,6606.0610,6477.3535,6514.7129,6562.0352,6573.9756,6651.2588,6719.4585,6733.1572,6528.4116,6508.1201,6521.1597,6550.1680,6608.6982,6711.2539,6766.4146,6536.6162,6496.9121,6496.5459,6537.4951,6543.4287,6639.0254,6721.6562,6594.3403,6490.8320,6484.5322,6501.4541,6530.1699,6607.4526,6684.6626,6652.4312,6503.7251,6485.8511,6501.9668,6522.0386,6602.0322,6656.3135,6669.3525,6488.0483,6492.5171,6495.2275,6530.6094,6599.9077,6676.6050,6584.6709,6452.7402,6442.5576,6470.2480,6493.1763,6561.3760,6626.0596,6462.3364,6391.9390,6398.2388,6393.4043,6427.1743,6499.8423,6541.4507,6363.5166,6326.3032,6308.4292,6319.8569,6353.9204,6419.9224,6452.5938,6287.8447,6227.2637,6221.5498,6237.2993,6270.6304,6359.6338,6331.9438,6177.1577,6156.1338,6219.7920,6191.5889,6250.3389,6322.4941,6372.9663,6207.1187,6173.8613,6192.3945,6219.7188,6264.9165,6334.3613,6414.4282,6293.9248,6242.7202,6250.7051,6290.7749,6318.9780,6407.9087,6473.1045,6372.3804,6342.4927,6349.2319,6360.1470,6409.7397,6482.2617,6545.2603,6426.0024,6379.9985,6395.1621,6414.5015,6472.3721,6539.7661,6612.4341,6444.2427,6414.6479,6446.2202,6435.9648,6470.3213,6546.5786,6616.9761,6438.3823,6418.6768,6465.6328,6451.1284,6532.0742,6626.5723,6555.3691,6437.7964,6409.4468,6427.7603,6435.5986,6496.7656,6584.8906,6398.6055,6363.6631,6376.9219,6403.2202,6444.9751,6502.0400,6554.6367,6376.4824,6361.3188,6373.2593,6420.1421,6454.8643,6526.8735,6457.5747,6369.8164,6379.2661,6423.8779,6446.0005,6516.9839,6586.8687,6426.3687,6391.7192,6381.9766,6397.1401,6409.4468,6509.0728,6404.3921,6328.7939,6285.4277,6322.8604,6361.7583,6442.9238,6465.6328,6307.1108,6307.1841,6305.2793,6341.3936,6407.9087,6467.9771,6358.0957,6296.1226,6310.1875,6347.5469,6390.1812,6459.2598,6478.4521,6297.0015,6288.5776,6309.2354,6343.8110,6384.2476,6478.3789,6325.6440,6280.4463,6290.0425,6299.9316,6343.9575,6411.8643,6412.1572,6241.1089,6201.7715,6237.5195,6256.7119,6322.8604,6377.8013,6274.7324,6190.6367,6210.7085,6224.5532,6262.7920,6330.6987,6409.9595,6244.3320,6202.8701,6228.4360,6261.4736,6315.9014,6391.3530,6488.4883,6281.9844,6267.7734,6285.7207,6313.2642,6379.7788,6468.9292,6406.0771,6273.2676,6249.2397,6299.5654,6319.2710,6393.1113,6502.0400,6319.2710,6311.6523,6348.7192,6406.5166,6479.9907,6565.8447,6678.5093,6447.8320,6465.6328,6533.2466,6529.0708,6627.0117,6721.3633,6664.2983,6511.1235,6533.5396,6544.0146,6574.2686,6658.0713,6748.9067,6488.2686,6485.1919,6520.1338,6507.4609,6542.5498,6595.0728,6481.8218,6355.9712,6343.6646,6372.0142,6419.6294,6499.9888,6639.6113,6412.5234,6406.5898,6458.1606,6484.1660,6532.0742,6650.2334,6653.8960,6439.7739,6420.6548,6458.8936,6460.8711,6543.0625,6626.7188,6554.4170,6390.6206,6407.1758,6430.1045,6459.5527,6557.8599,6623.1294,6431.6431,6362.7109,6419.7026,6400.9492,6463.2153,6532.0010,6594.4868,6373.1128,6352.4551,6376.3359,6404.7588,6464.6074,6550.2412,6418.3105,6278.5415,6294.5845,6293.7051,6321.3955,6396.6274,6450.6157,6225.2124,6148.8086,6157.0132,6135.4761,6194.2261,6216.2754,6213.7119,5992.4106,5943.9897,5930.8042,5933.2949,6014.5337,6111.0825,5947.5791,5863.5566,5868.1719,5859.0151,5916.5195,5988.8213,6054.3105,5947.4326,5845.9023,5800.3384,5832.9365,5874.1787,5943.6968,6013.5083,6022.8848,5840.9946,5828.2480,5869.1240,5900.7700,5946.0410,6028.2319,6065.1523,5872.4204,5866.9263,5895.1294,5890.6606,5937.6167,6084.3447,6046.8389,5875.9365,5884.5806,5914.9814,5937.3237,5985.5249,6101.8525,5993.7295,5909.6338,5902.5278,5984.3530,6041.3447,6130.2021,6222.5757,6217.3013,6028.3052,6039.7329
